1,H,1
1,D,2
1,T,3
1,H,4
1,H,5
1,H,6
1,H,7
2,He,3
2,He,4
2,He,5
2,He,6
2,He,7
2,He,8
2,He,9
2,He,10
3,Li,3
3,Li,4
3,Li,5
3,Li,6
3,Li,7
3,Li,8
3,Li,9
3,Li,10
3,Li,11
3,Li,12
3,Li,13
4,Be,5
4,Be,6
4,Be,7
4,Be,8
4,Be,9
4,Be,10
4,Be,11
4,Be,12
4,Be,13
4,Be,14
4,Be,15
4,Be,16
4,Be,16
5,B,6
5,B,7
5,B,8
5,B,9
5,B,10
5,B,11
5,B,12
5,B,13
5,B,14
5,B,15
5,B,16
5,B,17
5,B,18
5,B,19
5,B,20
5,B,21
5,B,21
6,C,8
6,C,9
6,C,10
6,C,11
6,C,12
6,C,13
6,C,14
6,C,15
6,C,16
6,C,17
6,C,18
6,C,19
6,C,20
6,C,21
6,C,22
6,C,23
6,C,23
7,N,10
7,N,11
7,N,12
7,N,13
7,N,14
7,N,15
7,N,16
7,N,17
7,N,18
7,N,19
7,N,20
7,N,21
7,N,22
7,N,23
7,N,24
7,N,25
7,N,25
8,O,12
8,O,13
8,O,14
8,O,15
8,O,16
8,O,17
8,O,18
8,O,19
8,O,20
8,O,21
8,O,22
8,O,23
8,O,24
8,O,25
8,O,26
8,O,27
8,O,28
8,O,28
9,F,14
9,F,15
9,F,16
9,F,17
9,F,18
9,F,19
9,F,20
9,F,21
9,F,22
9,F,23
9,F,24
9,F,25
9,F,26
9,F,27
9,F,28
9,F,29
9,F,30
9,F,31
9,F,31
10,Ne,16
10,Ne,17
10,Ne,18
10,Ne,19
10,Ne,20
10,Ne,21
10,Ne,22
10,Ne,23
10,Ne,24
10,Ne,25
10,Ne,26
10,Ne,27
10,Ne,28
10,Ne,29
10,Ne,30
10,Ne,31
10,Ne,32
10,Ne,33
10,Ne,34
10,Ne,34
11,Na,18
11,Na,19
11,Na,20
11,Na,21
11,Na,22
11,Na,23
11,Na,24
11,Na,25
11,Na,26
11,Na,27
11,Na,28
11,Na,29
11,Na,30
11,Na,31
11,Na,32
11,Na,33
11,Na,34
11,Na,35
11,Na,36
11,Na,37
11,Na,37
12,Mg,19
12,Mg,20
12,Mg,21
12,Mg,22
12,Mg,23
12,Mg,24
12,Mg,25
12,Mg,26
12,Mg,27
12,Mg,28
12,Mg,29
12,Mg,30
12,Mg,31
12,Mg,32
12,Mg,33
12,Mg,34
12,Mg,35
12,Mg,36
12,Mg,37
12,Mg,38
12,Mg,39
12,Mg,40
12,Mg,40
13,Al,21
13,Al,22
13,Al,23
13,Al,24
13,Al,25
13,Al,26
13,Al,27
13,Al,28
13,Al,29
13,Al,30
13,Al,31
13,Al,32
13,Al,33
13,Al,34
13,Al,35
13,Al,36
13,Al,37
13,Al,38
13,Al,39
13,Al,40
13,Al,41
13,Al,42
13,Al,43
13,Al,43
14,Si,22
14,Si,23
14,Si,24
14,Si,25
14,Si,26
14,Si,27
14,Si,28
14,Si,29
14,Si,30
14,Si,31
14,Si,32
14,Si,33
14,Si,34
14,Si,35
14,Si,36
14,Si,37
14,Si,38
14,Si,39
14,Si,40
14,Si,41
14,Si,42
14,Si,43
14,Si,44
14,Si,45
14,Si,45
15,P,24
15,P,25
15,P,26
15,P,27
15,P,28
15,P,29
15,P,30
15,P,31
15,P,32
15,P,33
15,P,34
15,P,35
15,P,36
15,P,37
15,P,38
15,P,39
15,P,40
15,P,41
15,P,42
15,P,43
15,P,44
15,P,45
15,P,46
15,P,47
15,P,47
16,S,26
16,S,27
16,S,28
16,S,29
16,S,30
16,S,31
16,S,32
16,S,33
16,S,34
16,S,35
16,S,36
16,S,37
16,S,38
16,S,39
16,S,40
16,S,41
16,S,42
16,S,43
16,S,44
16,S,45
16,S,46
16,S,47
16,S,48
16,S,49
16,S,49
17,Cl,28
17,Cl,29
17,Cl,30
17,Cl,31
17,Cl,32
17,Cl,33
17,Cl,34
17,Cl,35
17,Cl,36
17,Cl,37
17,Cl,38
17,Cl,39
17,Cl,40
17,Cl,41
17,Cl,42
17,Cl,43
17,Cl,44
17,Cl,45
17,Cl,46
17,Cl,47
17,Cl,48
17,Cl,49
17,Cl,50
17,Cl,51
17,Cl,51
18,Ar,30
18,Ar,31
18,Ar,32
18,Ar,33
18,Ar,34
18,Ar,35
18,Ar,36
18,Ar,37
18,Ar,38
18,Ar,39
18,Ar,40
18,Ar,41
18,Ar,42
18,Ar,43
18,Ar,44
18,Ar,45
18,Ar,46
18,Ar,47
18,Ar,48
18,Ar,49
18,Ar,50
18,Ar,51
18,Ar,52
18,Ar,53
18,Ar,53
19,K,32
19,K,33
19,K,34
19,K,35
19,K,36
19,K,37
19,K,38
19,K,39
19,K,40
19,K,41
19,K,42
19,K,43
19,K,44
19,K,45
19,K,46
19,K,47
19,K,48
19,K,49
19,K,50
19,K,51
19,K,52
19,K,53
19,K,54
19,K,55
19,K,56
19,K,56
20,Ca,34
20,Ca,35
20,Ca,36
20,Ca,37
20,Ca,38
20,Ca,39
20,Ca,40
20,Ca,41
20,Ca,42
20,Ca,43
20,Ca,44
20,Ca,45
20,Ca,46
20,Ca,47
20,Ca,48
20,Ca,49
20,Ca,50
20,Ca,51
20,Ca,52
20,Ca,53
20,Ca,54
20,Ca,55
20,Ca,56
20,Ca,57
20,Ca,58
20,Ca,58
21,Sc,36
21,Sc,37
21,Sc,38
21,Sc,39
21,Sc,40
21,Sc,41
21,Sc,42
21,Sc,43
21,Sc,44
21,Sc,45
21,Sc,46
21,Sc,47
21,Sc,48
21,Sc,49
21,Sc,50
21,Sc,51
21,Sc,52
21,Sc,53
21,Sc,54
21,Sc,55
21,Sc,56
21,Sc,57
21,Sc,58
21,Sc,59
21,Sc,60
21,Sc,61
21,Sc,61
22,Ti,38
22,Ti,39
22,Ti,40
22,Ti,41
22,Ti,42
22,Ti,43
22,Ti,44
22,Ti,45
22,Ti,46
22,Ti,47
22,Ti,48
22,Ti,49
22,Ti,50
22,Ti,51
22,Ti,52
22,Ti,53
22,Ti,54
22,Ti,55
22,Ti,56
22,Ti,57
22,Ti,58
22,Ti,59
22,Ti,60
22,Ti,61
22,Ti,62
22,Ti,63
22,Ti,63
23,V,40
23,V,41
23,V,42
23,V,43
23,V,44
23,V,45
23,V,46
23,V,47
23,V,48
23,V,49
23,V,50
23,V,51
23,V,52
23,V,53
23,V,54
23,V,55
23,V,56
23,V,57
23,V,58
23,V,59
23,V,60
23,V,61
23,V,62
23,V,63
23,V,64
23,V,65
23,V,66
23,V,66
24,Cr,42
24,Cr,43
24,Cr,44
24,Cr,45
24,Cr,46
24,Cr,47
24,Cr,48
24,Cr,49
24,Cr,50
24,Cr,51
24,Cr,52
24,Cr,53
24,Cr,54
24,Cr,55
24,Cr,56
24,Cr,57
24,Cr,58
24,Cr,59
24,Cr,60
24,Cr,61
24,Cr,62
24,Cr,63
24,Cr,64
24,Cr,65
24,Cr,66
24,Cr,67
24,Cr,68
24,Cr,68
25,Mn,44
25,Mn,45
25,Mn,46
25,Mn,47
25,Mn,48
25,Mn,49
25,Mn,50
25,Mn,51
25,Mn,52
25,Mn,53
25,Mn,54
25,Mn,55
25,Mn,56
25,Mn,57
25,Mn,58
25,Mn,59
25,Mn,60
25,Mn,61
25,Mn,62
25,Mn,63
25,Mn,64
25,Mn,65
25,Mn,66
25,Mn,67
25,Mn,68
25,Mn,69
25,Mn,70
25,Mn,71
25,Mn,71
26,Fe,45
26,Fe,46
26,Fe,47
26,Fe,48
26,Fe,49
26,Fe,50
26,Fe,51
26,Fe,52
26,Fe,53
26,Fe,54
26,Fe,55
26,Fe,56
26,Fe,57
26,Fe,58
26,Fe,59
26,Fe,60
26,Fe,61
26,Fe,62
26,Fe,63
26,Fe,64
26,Fe,65
26,Fe,66
26,Fe,67
26,Fe,68
26,Fe,69
26,Fe,70
26,Fe,71
26,Fe,72
26,Fe,73
26,Fe,74
26,Fe,74
27,Co,47
27,Co,48
27,Co,49
27,Co,50
27,Co,51
27,Co,52
27,Co,53
27,Co,54
27,Co,55
27,Co,56
27,Co,57
27,Co,58
27,Co,59
27,Co,60
27,Co,61
27,Co,62
27,Co,63
27,Co,64
27,Co,65
27,Co,66
27,Co,67
27,Co,68
27,Co,69
27,Co,70
27,Co,71
27,Co,72
27,Co,73
27,Co,74
27,Co,75
27,Co,76
27,Co,76
28,Ni,48
28,Ni,49
28,Ni,50
28,Ni,51
28,Ni,52
28,Ni,53
28,Ni,54
28,Ni,55
28,Ni,56
28,Ni,57
28,Ni,58
28,Ni,59
28,Ni,60
28,Ni,61
28,Ni,62
28,Ni,63
28,Ni,64
28,Ni,65
28,Ni,66
28,Ni,67
28,Ni,68
28,Ni,69
28,Ni,70
28,Ni,71
28,Ni,72
28,Ni,73
28,Ni,74
28,Ni,75
28,Ni,76
28,Ni,77
28,Ni,78
28,Ni,79
28,Ni,79
29,Cu,52
29,Cu,53
29,Cu,54
29,Cu,55
29,Cu,56
29,Cu,57
29,Cu,58
29,Cu,59
29,Cu,60
29,Cu,61
29,Cu,62
29,Cu,63
29,Cu,64
29,Cu,65
29,Cu,66
29,Cu,67
29,Cu,68
29,Cu,69
29,Cu,70
29,Cu,71
29,Cu,72
29,Cu,73
29,Cu,74
29,Cu,75
29,Cu,76
29,Cu,77
29,Cu,78
29,Cu,79
29,Cu,80
29,Cu,81
29,Cu,82
29,Cu,82
30,Zn,54
30,Zn,55
30,Zn,56
30,Zn,57
30,Zn,58
30,Zn,59
30,Zn,60
30,Zn,61
30,Zn,62
30,Zn,63
30,Zn,64
30,Zn,65
30,Zn,66
30,Zn,67
30,Zn,68
30,Zn,69
30,Zn,70
30,Zn,71
30,Zn,72
30,Zn,73
30,Zn,74
30,Zn,75
30,Zn,76
30,Zn,77
30,Zn,78
30,Zn,79
30,Zn,80
30,Zn,81
30,Zn,82
30,Zn,83
30,Zn,84
30,Zn,85
30,Zn,85
31,Ga,56
31,Ga,57
31,Ga,58
31,Ga,59
31,Ga,60
31,Ga,61
31,Ga,62
31,Ga,63
31,Ga,64
31,Ga,65
31,Ga,66
31,Ga,67
31,Ga,68
31,Ga,69
31,Ga,70
31,Ga,71
31,Ga,72
31,Ga,73
31,Ga,74
31,Ga,75
31,Ga,76
31,Ga,77
31,Ga,78
31,Ga,79
31,Ga,80
31,Ga,81
31,Ga,82
31,Ga,83
31,Ga,84
31,Ga,85
31,Ga,86
31,Ga,87
31,Ga,87
32,Ge,58
32,Ge,59
32,Ge,60
32,Ge,61
32,Ge,62
32,Ge,63
32,Ge,64
32,Ge,65
32,Ge,66
32,Ge,67
32,Ge,68
32,Ge,69
32,Ge,70
32,Ge,71
32,Ge,72
32,Ge,73
32,Ge,74
32,Ge,75
32,Ge,76
32,Ge,77
32,Ge,78
32,Ge,79
32,Ge,80
32,Ge,81
32,Ge,82
32,Ge,83
32,Ge,84
32,Ge,85
32,Ge,86
32,Ge,87
32,Ge,88
32,Ge,89
32,Ge,90
32,Ge,90
33,Se,60
33,Se,61
33,Se,62
33,Se,63
33,Se,64
33,Se,65
33,Se,66
33,Se,67
33,Se,68
33,Se,69
33,Se,70
33,Se,71
33,Se,72
33,Se,73
33,Se,74
33,Se,75
33,Se,76
33,Se,77
33,Se,78
33,Se,79
33,Se,80
33,Se,81
33,Se,82
33,Se,83
33,Se,84
33,Se,85
33,Se,86
33,Se,87
33,Se,88
33,Se,89
33,Se,90
33,Se,91
33,Se,92
33,Se,92
34,Se,64
34,Se,65
34,Se,66
34,Se,67
34,Se,68
34,Se,69
34,Se,70
34,Se,71
34,Se,72
34,Se,73
34,Se,74
34,Se,75
34,Se,76
34,Se,77
34,Se,78
34,Se,79
34,Se,80
34,Se,81
34,Se,82
34,Se,83
34,Se,84
34,Se,85
34,Se,86
34,Se,87
34,Se,88
34,Se,89
34,Se,90
34,Se,91
34,Se,92
34,Se,93
34,Se,94
34,Se,95
34,Se,95
35,Br,67
35,Br,68
35,Br,69
35,Br,70
35,Br,71
35,Br,72
35,Br,73
35,Br,74
35,Br,75
35,Br,76
35,Br,77
35,Br,78
35,Br,79
35,Br,80
35,Br,81
35,Br,82
35,Br,83
35,Br,84
35,Br,85
35,Br,86
35,Br,87
35,Br,88
35,Br,89
35,Br,90
35,Br,91
35,Br,92
35,Br,93
35,Br,94
35,Br,95
35,Br,96
35,Br,97
35,Br,98
35,Br,98
36,Kr,69
36,Kr,70
36,Kr,71
36,Kr,72
36,Kr,73
36,Kr,74
36,Kr,75
36,Kr,76
36,Kr,77
36,Kr,78
36,Kr,79
36,Kr,80
36,Kr,81
36,Kr,82
36,Kr,83
36,Kr,84
36,Kr,85
36,Kr,86
36,Kr,87
36,Kr,88
36,Kr,89
36,Kr,90
36,Kr,91
36,Kr,92
36,Kr,93
36,Kr,94
36,Kr,95
36,Kr,96
36,Kr,97
36,Kr,98
36,Kr,99
36,Kr,100
36,Kr,101
36,Kr,101
37,Rb,71
37,Rb,72
37,Rb,73
37,Rb,74
37,Rb,75
37,Rb,76
37,Rb,77
37,Rb,78
37,Rb,79
37,Rb,80
37,Rb,81
37,Rb,82
37,Rb,83
37,Rb,84
37,Rb,85
37,Rb,86
37,Rb,87
37,Rb,88
37,Rb,89
37,Rb,90
37,Rb,91
37,Rb,92
37,Rb,93
37,Rb,94
37,Rb,95
37,Rb,96
37,Rb,97
37,Rb,98
37,Rb,99
37,Rb,100
37,Rb,101
37,Rb,102
37,Rb,103
37,Rb,103
38,Sr,73
38,Sr,74
38,Sr,75
38,Sr,76
38,Sr,77
38,Sr,78
38,Sr,79
38,Sr,80
38,Sr,81
38,Sr,82
38,Sr,83
38,Sr,84
38,Sr,85
38,Sr,86
38,Sr,87
38,Sr,88
38,Sr,89
38,Sr,90
38,Sr,91
38,Sr,92
38,Sr,93
38,Sr,94
38,Sr,95
38,Sr,96
38,Sr,97
38,Sr,98
38,Sr,99
38,Sr,100
38,Sr,101
38,Sr,102
38,Sr,103
38,Sr,104
38,Sr,105
38,Sr,106
38,Sr,107
38,Sr,107
39,Y,76
39,Y,77
39,Y,78
39,Y,79
39,Y,80
39,Y,81
39,Y,82
39,Y,83
39,Y,84
39,Y,85
39,Y,86
39,Y,87
39,Y,88
39,Y,89
39,Y,90
39,Y,91
39,Y,92
39,Y,93
39,Y,94
39,Y,95
39,Y,96
39,Y,97
39,Y,98
39,Y,99
39,Y,100
39,Y,101
39,Y,102
39,Y,103
39,Y,104
39,Y,105
39,Y,106
39,Y,107
39,Y,108
39,Y,109
39,Y,109
40,Zr,78
40,Zr,79
40,Zr,80
40,Zr,81
40,Zr,82
40,Zr,83
40,Zr,84
40,Zr,85
40,Zr,86
40,Zr,87
40,Zr,88
40,Zr,89
40,Zr,90
40,Zr,91
40,Zr,92
40,Zr,93
40,Zr,94
40,Zr,95
40,Zr,96
40,Zr,97
40,Zr,98
40,Zr,99
40,Zr,100
40,Zr,101
40,Zr,102
40,Zr,103
40,Zr,104
40,Zr,105
40,Zr,106
40,Zr,107
40,Zr,108
40,Zr,109
40,Zr,110
40,Zr,111
40,Zr,112
40,Zr,112
41,Nb,81
41,Nb,82
41,Nb,83
41,Nb,84
41,Nb,85
41,Nb,86
41,Nb,87
41,Nb,88
41,Nb,89
41,Nb,90
41,Nb,91
41,Nb,92
41,Nb,93
41,Nb,94
41,Nb,95
41,Nb,96
41,Nb,97
41,Nb,98
41,Nb,99
41,Nb,100
41,Nb,101
41,Nb,102
41,Nb,103
41,Nb,104
41,Nb,105
41,Nb,106
41,Nb,107
41,Nb,108
41,Nb,109
41,Nb,110
41,Nb,111
41,Nb,112
41,Nb,113
41,Nb,114
41,Nb,115
41,Nb,115
42,Mo,83
42,Mo,84
42,Mo,85
42,Mo,86
42,Mo,87
42,Mo,88
42,Mo,89
42,Mo,90
42,Mo,91
42,Mo,92
42,Mo,93
42,Mo,94
42,Mo,95
42,Mo,96
42,Mo,97
42,Mo,98
42,Mo,99
42,Mo,100
42,Mo,101
42,Mo,102
42,Mo,103
42,Mo,104
42,Mo,105
42,Mo,106
42,Mo,107
42,Mo,108
42,Mo,109
42,Mo,110
42,Mo,111
42,Mo,112
42,Mo,113
42,Mo,114
42,Mo,115
42,Mo,116
42,Mo,117
42,Mo,117
43,Tc,85
43,Tc,86
43,Tc,87
43,Tc,88
43,Tc,89
43,Tc,90
43,Tc,91
43,Tc,92
43,Tc,93
43,Tc,94
43,Tc,95
43,Tc,96
43,Tc,97
43,Tc,98
43,Tc,99
43,Tc,100
43,Tc,101
43,Tc,102
43,Tc,103
43,Tc,104
43,Tc,105
43,Tc,106
43,Tc,107
43,Tc,108
43,Tc,109
43,Tc,110
43,Tc,111
43,Tc,112
43,Tc,113
43,Tc,114
43,Tc,115
43,Tc,116
43,Tc,117
43,Tc,118
43,Tc,119
43,Tc,120
43,Tc,120
44,Ru,87
44,Ru,88
44,Ru,89
44,Ru,90
44,Ru,91
44,Ru,92
44,Ru,93
44,Ru,94
44,Ru,95
44,Ru,96
44,Ru,97
44,Ru,98
44,Ru,99
44,Ru,100
44,Ru,101
44,Ru,102
44,Ru,103
44,Ru,104
44,Ru,105
44,Ru,106
44,Ru,107
44,Ru,108
44,Ru,109
44,Ru,110
44,Ru,111
44,Ru,112
44,Ru,113
44,Ru,114
44,Ru,115
44,Ru,116
44,Ru,117
44,Ru,118
44,Ru,119
44,Ru,120
44,Ru,121
44,Ru,122
44,Ru,123
44,Ru,124
44,Ru,124
45,Rh,89
45,Rh,90
45,Rh,91
45,Rh,92
45,Rh,93
45,Rh,94
45,Rh,95
45,Rh,96
45,Rh,97
45,Rh,98
45,Rh,99
45,Rh,100
45,Rh,101
45,Rh,102
45,Rh,103
45,Rh,104
45,Rh,105
45,Rh,106
45,Rh,107
45,Rh,108
45,Rh,109
45,Rh,110
45,Rh,111
45,Rh,112
45,Rh,113
45,Rh,114
45,Rh,115
45,Rh,116
45,Rh,117
45,Rh,118
45,Rh,119
45,Rh,120
45,Rh,121
45,Rh,122
45,Rh,123
45,Rh,124
45,Rh,125
45,Rh,126
45,Rh,126
46,Pd,91
46,Pd,92
46,Pd,93
46,Pd,94
46,Pd,95
46,Pd,96
46,Pd,97
46,Pd,98
46,Pd,99
46,Pd,100
46,Pd,101
46,Pd,102
46,Pd,103
46,Pd,104
46,Pd,105
46,Pd,106
46,Pd,107
46,Pd,108
46,Pd,109
46,Pd,110
46,Pd,111
46,Pd,112
46,Pd,113
46,Pd,114
46,Pd,115
46,Pd,116
46,Pd,117
46,Pd,118
46,Pd,119
46,Pd,120
46,Pd,121
46,Pd,122
46,Pd,123
46,Pd,124
46,Pd,125
46,Pd,126
46,Pd,127
46,Pd,128
46,Pd,128
47,Ag,93
47,Ag,94
47,Ag,95
47,Ag,96
47,Ag,97
47,Ag,98
47,Ag,99
47,Ag,100
47,Ag,101
47,Ag,102
47,Ag,103
47,Ag,104
47,Ag,105
47,Ag,106
47,Ag,107
47,Ag,108
47,Ag,109
47,Ag,110
47,Ag,111
47,Ag,112
47,Ag,113
47,Ag,114
47,Ag,115
47,Ag,116
47,Ag,117
47,Ag,118
47,Ag,119
47,Ag,120
47,Ag,121
47,Ag,122
47,Ag,123
47,Ag,124
47,Ag,125
47,Ag,126
47,Ag,127
47,Ag,128
47,Ag,129
47,Ag,130
47,Ag,130
48,Cd,95
48,Cd,96
48,Cd,97
48,Cd,98
48,Cd,99
48,Cd,100
48,Cd,101
48,Cd,102
48,Cd,103
48,Cd,104
48,Cd,105
48,Cd,106
48,Cd,107
48,Cd,108
48,Cd,109
48,Cd,110
48,Cd,111
48,Cd,112
48,Cd,113
48,Cd,114
48,Cd,115
48,Cd,116
48,Cd,117
48,Cd,118
48,Cd,119
48,Cd,120
48,Cd,121
48,Cd,122
48,Cd,123
48,Cd,124
48,Cd,125
48,Cd,126
48,Cd,127
48,Cd,128
48,Cd,129
48,Cd,130
48,Cd,131
48,Cd,132
48,Cd,133
48,Cd,133
49,In,97
49,In,98
49,In,99
49,In,100
49,In,101
49,In,102
49,In,103
49,In,104
49,In,105
49,In,106
49,In,107
49,In,108
49,In,109
49,In,110
49,In,111
49,In,112
49,In,113
49,In,114
49,In,115
49,In,116
49,In,117
49,In,118
49,In,119
49,In,120
49,In,121
49,In,122
49,In,123
49,In,124
49,In,125
49,In,126
49,In,127
49,In,128
49,In,129
49,In,130
49,In,131
49,In,132
49,In,133
49,In,134
49,In,135
49,In,135
50,Sn,99
50,Sn,100
50,Sn,101
50,Sn,102
50,Sn,103
50,Sn,104
50,Sn,105
50,Sn,106
50,Sn,107
50,Sn,108
50,Sn,109
50,Sn,110
50,Sn,111
50,Sn,112
50,Sn,113
50,Sn,114
50,Sn,115
50,Sn,116
50,Sn,117
50,Sn,118
50,Sn,119
50,Sn,120
50,Sn,121
50,Sn,122
50,Sn,123
50,Sn,124
50,Sn,125
50,Sn,126
50,Sn,127
50,Sn,128
50,Sn,129
50,Sn,130
50,Sn,131
50,Sn,132
50,Sn,133
50,Sn,134
50,Sn,135
50,Sn,136
50,Sn,137
50,Sn,138
50,Sn,138
51,Sb,103
51,Sb,104
51,Sb,105
51,Sb,106
51,Sb,107
51,Sb,108
51,Sb,109
51,Sb,110
51,Sb,111
51,Sb,112
51,Sb,113
51,Sb,114
51,Sb,115
51,Sb,116
51,Sb,117
51,Sb,118
51,Sb,119
51,Sb,120
51,Sb,121
51,Sb,122
51,Sb,123
51,Sb,124
51,Sb,125
51,Sb,126
51,Sb,127
51,Sb,128
51,Sb,129
51,Sb,130
51,Sb,131
51,Sb,132
51,Sb,133
51,Sb,134
51,Sb,135
51,Sb,136
51,Sb,137
51,Sb,138
51,Sb,139
51,Sb,140
51,Sb,140
52,Te,105
52,Te,106
52,Te,107
52,Te,108
52,Te,109
52,Te,110
52,Te,111
52,Te,112
52,Te,113
52,Te,114
52,Te,115
52,Te,116
52,Te,117
52,Te,118
52,Te,119
52,Te,120
52,Te,121
52,Te,122
52,Te,123
52,Te,124
52,Te,125
52,Te,126
52,Te,127
52,Te,128
52,Te,129
52,Te,130
52,Te,131
52,Te,132
52,Te,133
52,Te,134
52,Te,135
52,Te,136
52,Te,137
52,Te,138
52,Te,139
52,Te,140
52,Te,141
52,Te,142
52,Te,143
52,Te,143
53,I,107
53,I,108
53,I,109
53,I,110
53,I,111
53,I,112
53,I,113
53,I,114
53,I,115
53,I,116
53,I,117
53,I,118
53,I,119
53,I,120
53,I,121
53,I,122
53,I,123
53,I,124
53,I,125
53,I,126
53,I,127
53,I,128
53,I,129
53,I,130
53,I,131
53,I,132
53,I,133
53,I,134
53,I,135
53,I,136
53,I,137
53,I,138
53,I,139
53,I,140
53,I,141
53,I,142
53,I,143
53,I,144
53,I,145
53,I,145
54,Xe,109
54,Xe,110
54,Xe,111
54,Xe,112
54,Xe,113
54,Xe,114
54,Xe,115
54,Xe,116
54,Xe,117
54,Xe,118
54,Xe,119
54,Xe,120
54,Xe,121
54,Xe,122
54,Xe,123
54,Xe,124
54,Xe,125
54,Xe,126
54,Xe,127
54,Xe,128
54,Xe,129
54,Xe,130
54,Xe,131
54,Xe,132
54,Xe,133
54,Xe,134
54,Xe,135
54,Xe,136
54,Xe,137
54,Xe,138
54,Xe,139
54,Xe,140
54,Xe,141
54,Xe,142
54,Xe,143
54,Xe,144
54,Xe,145
54,Xe,146
54,Xe,147
54,Xe,148
54,Xe,148
55,Cs,112
55,Cs,113
55,Cs,114
55,Cs,115
55,Cs,116
55,Cs,117
55,Cs,118
55,Cs,119
55,Cs,120
55,Cs,121
55,Cs,122
55,Cs,123
55,Cs,124
55,Cs,125
55,Cs,126
55,Cs,127
55,Cs,128
55,Cs,129
55,Cs,130
55,Cs,131
55,Cs,132
55,Cs,133
55,Cs,134
55,Cs,135
55,Cs,136
55,Cs,137
55,Cs,138
55,Cs,139
55,Cs,140
55,Cs,141
55,Cs,142
55,Cs,143
55,Cs,144
55,Cs,145
55,Cs,146
55,Cs,147
55,Cs,148
55,Cs,149
55,Cs,150
55,Cs,151
55,Cs,151
56,Ba,114
56,Ba,115
56,Ba,116
56,Ba,117
56,Ba,118
56,Ba,119
56,Ba,120
56,Ba,121
56,Ba,122
56,Ba,123
56,Ba,124
56,Ba,125
56,Ba,126
56,Ba,127
56,Ba,128
56,Ba,129
56,Ba,130
56,Ba,131
56,Ba,132
56,Ba,133
56,Ba,134
56,Ba,135
56,Ba,136
56,Ba,137
56,Ba,138
56,Ba,139
56,Ba,140
56,Ba,141
56,Ba,142
56,Ba,143
56,Ba,144
56,Ba,145
56,Ba,146
56,Ba,147
56,Ba,148
56,Ba,149
56,Ba,150
56,Ba,151
56,Ba,152
56,Ba,153
56,Ba,153
57,La,116
57,La,117
57,La,118
57,La,119
57,La,120
57,La,121
57,La,122
57,La,123
57,La,124
57,La,125
57,La,126
57,La,127
57,La,128
57,La,129
57,La,130
57,La,131
57,La,132
57,La,133
57,La,134
57,La,135
57,La,136
57,La,137
57,La,138
57,La,139
57,La,140
57,La,141
57,La,142
57,La,143
57,La,144
57,La,145
57,La,146
57,La,147
57,La,148
57,La,149
57,La,150
57,La,151
57,La,152
57,La,153
57,La,154
57,La,155
57,La,155
58,Ce,119
58,Ce,120
58,Ce,121
58,Ce,122
58,Ce,123
58,Ce,124
58,Ce,125
58,Ce,126
58,Ce,127
58,Ce,128
58,Ce,129
58,Ce,130
58,Ce,131
58,Ce,132
58,Ce,133
58,Ce,134
58,Ce,135
58,Ce,136
58,Ce,137
58,Ce,138
58,Ce,139
58,Ce,140
58,Ce,141
58,Ce,142
58,Ce,143
58,Ce,144
58,Ce,145
58,Ce,146
58,Ce,147
58,Ce,148
58,Ce,149
58,Ce,150
58,Ce,151
58,Ce,152
58,Ce,153
58,Ce,154
58,Ce,155
58,Ce,156
58,Ce,157
59,Pr,121
59,Pr,122
59,Pr,123
59,Pr,124
59,Pr,125
59,Pr,126
59,Pr,127
59,Pr,128
59,Pr,129
59,Pr,130
59,Pr,131
59,Pr,132
59,Pr,133
59,Pr,134
59,Pr,135
59,Pr,136
59,Pr,137
59,Pr,138
59,Pr,139
59,Pr,140
59,Pr,141
59,Pr,142
59,Pr,143
59,Pr,144
59,Pr,145
59,Pr,146
59,Pr,147
59,Pr,148
59,Pr,149
59,Pr,150
59,Pr,151
59,Pr,152
59,Pr,153
59,Pr,154
59,Pr,155
59,Pr,156
59,Pr,157
59,Pr,158
59,Pr,159
59,Pr,159
60,Nd,124
60,Nd,125
60,Nd,126
60,Nd,127
60,Nd,128
60,Nd,129
60,Nd,130
60,Nd,131
60,Nd,132
60,Nd,133
60,Nd,134
60,Nd,135
60,Nd,136
60,Nd,137
60,Nd,138
60,Nd,139
60,Nd,140
60,Nd,141
60,Nd,142
60,Nd,143
60,Nd,144
60,Nd,145
60,Nd,146
60,Nd,147
60,Nd,148
60,Nd,149
60,Nd,150
60,Nd,151
60,Nd,152
60,Nd,153
60,Nd,154
60,Nd,155
60,Nd,156
60,Nd,157
60,Nd,158
60,Nd,159
60,Nd,160
60,Nd,161
60,Nd,161
61,Pm,126
61,Pm,127
61,Pm,128
61,Pm,129
61,Pm,130
61,Pm,131
61,Pm,132
61,Pm,133
61,Pm,134
61,Pm,135
61,Pm,136
61,Pm,137
61,Pm,138
61,Pm,139
61,Pm,140
61,Pm,141
61,Pm,142
61,Pm,143
61,Pm,144
61,Pm,145
61,Pm,146
61,Pm,147
61,Pm,148
61,Pm,149
61,Pm,150
61,Pm,151
61,Pm,152
61,Pm,153
61,Pm,154
61,Pm,155
61,Pm,156
61,Pm,157
61,Pm,158
61,Pm,159
61,Pm,160
61,Pm,161
61,Pm,162
61,Pm,163
61,Pm,163
62,Sm,128
62,Sm,129
62,Sm,130
62,Sm,131
62,Sm,132
62,Sm,133
62,Sm,134
62,Sm,135
62,Sm,136
62,Sm,137
62,Sm,138
62,Sm,139
62,Sm,140
62,Sm,141
62,Sm,142
62,Sm,143
62,Sm,144
62,Sm,145
62,Sm,146
62,Sm,147
62,Sm,148
62,Sm,149
62,Sm,150
62,Sm,151
62,Sm,152
62,Sm,153
62,Sm,154
62,Sm,155
62,Sm,156
62,Sm,157
62,Sm,158
62,Sm,159
62,Sm,160
62,Sm,161
62,Sm,162
62,Sm,163
62,Sm,164
62,Sm,165
62,Sm,165
63,Eu,130
63,Eu,131
63,Eu,132
63,Eu,133
63,Eu,134
63,Eu,135
63,Eu,136
63,Eu,137
63,Eu,138
63,Eu,139
63,Eu,140
63,Eu,141
63,Eu,142
63,Eu,143
63,Eu,144
63,Eu,145
63,Eu,146
63,Eu,147
63,Eu,148
63,Eu,149
63,Eu,150
63,Eu,151
63,Eu,152
63,Eu,153
63,Eu,154
63,Eu,155
63,Eu,156
63,Eu,157
63,Eu,158
63,Eu,159
63,Eu,160
63,Eu,161
63,Eu,162
63,Eu,163
63,Eu,164
63,Eu,165
63,Eu,166
63,Eu,167
63,Eu,167
64,Gd,133
64,Gd,134
64,Gd,135
64,Gd,136
64,Gd,137
64,Gd,138
64,Gd,139
64,Gd,140
64,Gd,141
64,Gd,142
64,Gd,143
64,Gd,144
64,Gd,145
64,Gd,146
64,Gd,147
64,Gd,148
64,Gd,149
64,Gd,150
64,Gd,151
64,Gd,152
64,Gd,153
64,Gd,154
64,Gd,155
64,Gd,156
64,Gd,157
64,Gd,158
64,Gd,159
64,Gd,160
64,Gd,161
64,Gd,162
64,Gd,163
64,Gd,164
64,Gd,165
64,Gd,166
64,Gd,167
64,Gd,168
64,Gd,169
64,Gd,169
65,Tb,135
65,Tb,136
65,Tb,137
65,Tb,138
65,Tb,139
65,Tb,140
65,Tb,141
65,Tb,142
65,Tb,143
65,Tb,144
65,Tb,145
65,Tb,146
65,Tb,147
65,Tb,148
65,Tb,149
65,Tb,150
65,Tb,151
65,Tb,152
65,Tb,153
65,Tb,154
65,Tb,155
65,Tb,156
65,Tb,157
65,Tb,158
65,Tb,159
65,Tb,160
65,Tb,161
65,Tb,162
65,Tb,163
65,Tb,164
65,Tb,165
65,Tb,166
65,Tb,167
65,Tb,168
65,Tb,169
65,Tb,170
65,Tb,171
65,Tb,171
66,Dy,138
66,Dy,139
66,Dy,140
66,Dy,141
66,Dy,142
66,Dy,143
66,Dy,144
66,Dy,145
66,Dy,146
66,Dy,147
66,Dy,148
66,Dy,149
66,Dy,150
66,Dy,151
66,Dy,152
66,Dy,153
66,Dy,154
66,Dy,155
66,Dy,156
66,Dy,157
66,Dy,158
66,Dy,159
66,Dy,160
66,Dy,161
66,Dy,162
66,Dy,163
66,Dy,164
66,Dy,165
66,Dy,166
66,Dy,167
66,Dy,168
66,Dy,169
66,Dy,170
66,Dy,171
66,Dy,172
66,Dy,173
66,Dy,173
67,Ho,140
67,Ho,141
67,Ho,142
67,Ho,143
67,Ho,144
67,Ho,145
67,Ho,146
67,Ho,147
67,Ho,148
67,Ho,149
67,Ho,150
67,Ho,151
67,Ho,152
67,Ho,153
67,Ho,154
67,Ho,155
67,Ho,156
67,Ho,157
67,Ho,158
67,Ho,159
67,Ho,160
67,Ho,161
67,Ho,162
67,Ho,163
67,Ho,164
67,Ho,165
67,Ho,166
67,Ho,167
67,Ho,168
67,Ho,169
67,Ho,170
67,Ho,171
67,Ho,172
67,Ho,173
67,Ho,174
67,Ho,175
67,Ho,175
68,Er,142
68,Er,143
68,Er,144
68,Er,145
68,Er,146
68,Er,147
68,Er,148
68,Er,149
68,Er,150
68,Er,151
68,Er,152
68,Er,153
68,Er,154
68,Er,155
68,Er,156
68,Er,157
68,Er,158
68,Er,159
68,Er,160
68,Er,161
68,Er,162
68,Er,163
68,Er,164
68,Er,165
68,Er,166
68,Er,167
68,Er,168
68,Er,169
68,Er,170
68,Er,171
68,Er,172
68,Er,173
68,Er,174
68,Er,175
68,Er,176
68,Er,177
68,Er,177
69,Tm,144
69,Tm,145
69,Tm,146
69,Tm,147
69,Tm,148
69,Tm,149
69,Tm,150
69,Tm,151
69,Tm,152
69,Tm,153
69,Tm,154
69,Tm,155
69,Tm,156
69,Tm,157
69,Tm,158
69,Tm,159
69,Tm,160
69,Tm,161
69,Tm,162
69,Tm,163
69,Tm,164
69,Tm,165
69,Tm,166
69,Tm,167
69,Tm,168
69,Tm,169
69,Tm,170
69,Tm,171
69,Tm,172
69,Tm,173
69,Tm,174
69,Tm,175
69,Tm,176
69,Tm,177
69,Tm,178
69,Tm,179
69,Tm,179
70,Yb,148
70,Yb,149
70,Yb,150
70,Yb,151
70,Yb,152
70,Yb,153
70,Yb,154
70,Yb,155
70,Yb,156
70,Yb,157
70,Yb,158
70,Yb,159
70,Yb,160
70,Yb,161
70,Yb,162
70,Yb,163
70,Yb,164
70,Yb,165
70,Yb,166
70,Yb,167
70,Yb,168
70,Yb,169
70,Yb,170
70,Yb,171
70,Yb,172
70,Yb,173
70,Yb,174
70,Yb,175
70,Yb,176
70,Yb,177
70,Yb,178
70,Yb,179
70,Yb,180
70,Yb,181
70,Yb,181
71,Lu,150
71,Lu,151
71,Lu,152
71,Lu,153
71,Lu,154
71,Lu,155
71,Lu,156
71,Lu,157
71,Lu,158
71,Lu,159
71,Lu,160
71,Lu,161
71,Lu,162
71,Lu,163
71,Lu,164
71,Lu,165
71,Lu,166
71,Lu,167
71,Lu,168
71,Lu,169
71,Lu,170
71,Lu,171
71,Lu,172
71,Lu,173
71,Lu,174
71,Lu,175
71,Lu,176
71,Lu,177
71,Lu,178
71,Lu,179
71,Lu,180
71,Lu,181
71,Lu,182
71,Lu,183
71,Lu,184
71,Lu,185
71,Lu,185
72,Hf,153
72,Hf,154
72,Hf,155
72,Hf,156
72,Hf,157
72,Hf,158
72,Hf,159
72,Hf,160
72,Hf,161
72,Hf,162
72,Hf,163
72,Hf,164
72,Hf,165
72,Hf,166
72,Hf,167
72,Hf,168
72,Hf,169
72,Hf,170
72,Hf,171
72,Hf,172
72,Hf,173
72,Hf,174
72,Hf,175
72,Hf,176
72,Hf,177
72,Hf,178
72,Hf,179
72,Hf,180
72,Hf,181
72,Hf,182
72,Hf,183
72,Hf,184
72,Hf,185
72,Hf,186
72,Hf,187
72,Hf,188
72,Hf,189
72,Hf,189
73,Ta,155
73,Ta,156
73,Ta,157
73,Ta,158
73,Ta,159
73,Ta,160
73,Ta,161
73,Ta,162
73,Ta,163
73,Ta,164
73,Ta,165
73,Ta,166
73,Ta,167
73,Ta,168
73,Ta,169
73,Ta,170
73,Ta,171
73,Ta,172
73,Ta,173
73,Ta,174
73,Ta,175
73,Ta,176
73,Ta,177
73,Ta,178
73,Ta,179
73,Ta,180
73,Ta,181
73,Ta,182
73,Ta,183
73,Ta,184
73,Ta,185
73,Ta,186
73,Ta,187
73,Ta,188
73,Ta,189
73,Ta,190
73,Ta,191
73,Ta,192
73,Ta,192
74,W,157
74,W,158
74,W,159
74,W,160
74,W,161
74,W,162
74,W,163
74,W,164
74,W,165
74,W,166
74,W,167
74,W,168
74,W,169
74,W,170
74,W,171
74,W,172
74,W,173
74,W,174
74,W,175
74,W,176
74,W,177
74,W,178
74,W,179
74,W,180
74,W,181
74,W,182
74,W,183
74,W,184
74,W,185
74,W,186
74,W,187
74,W,188
74,W,189
74,W,190
74,W,191
74,W,192
74,W,193
74,W,194
74,W,194
75,Re,159
75,Re,160
75,Re,161
75,Re,162
75,Re,163
75,Re,164
75,Re,165
75,Re,166
75,Re,167
75,Re,168
75,Re,169
75,Re,170
75,Re,171
75,Re,172
75,Re,173
75,Re,174
75,Re,175
75,Re,176
75,Re,177
75,Re,178
75,Re,179
75,Re,180
75,Re,181
75,Re,182
75,Re,183
75,Re,184
75,Re,185
75,Re,186
75,Re,187
75,Re,188
75,Re,189
75,Re,190
75,Re,191
75,Re,192
75,Re,193
75,Re,194
75,Re,195
75,Re,196
75,Re,197
75,Re,198
75,Re,198
76,Os,161
76,Os,162
76,Os,163
76,Os,164
76,Os,165
76,Os,166
76,Os,167
76,Os,168
76,Os,169
76,Os,170
76,Os,171
76,Os,172
76,Os,173
76,Os,174
76,Os,175
76,Os,176
76,Os,177
76,Os,178
76,Os,179
76,Os,180
76,Os,181
76,Os,182
76,Os,183
76,Os,184
76,Os,185
76,Os,186
76,Os,187
76,Os,188
76,Os,189
76,Os,190
76,Os,191
76,Os,192
76,Os,193
76,Os,194
76,Os,195
76,Os,196
76,Os,197
76,Os,198
76,Os,199
76,Os,200
76,Os,201
76,Os,202
76,Os,202
77,Ir,164
77,Ir,165
77,Ir,166
77,Ir,167
77,Ir,168
77,Ir,169
77,Ir,170
77,Ir,171
77,Ir,172
77,Ir,173
77,Ir,174
77,Ir,175
77,Ir,176
77,Ir,177
77,Ir,178
77,Ir,179
77,Ir,180
77,Ir,181
77,Ir,182
77,Ir,183
77,Ir,184
77,Ir,185
77,Ir,186
77,Ir,187
77,Ir,188
77,Ir,189
77,Ir,190
77,Ir,191
77,Ir,192
77,Ir,193
77,Ir,194
77,Ir,195
77,Ir,196
77,Ir,197
77,Ir,198
77,Ir,199
77,Ir,200
77,Ir,201
77,Ir,202
77,Ir,203
77,Ir,204
77,Ir,204
78,Pt,166
78,Pt,167
78,Pt,168
78,Pt,169
78,Pt,170
78,Pt,171
78,Pt,172
78,Pt,173
78,Pt,174
78,Pt,175
78,Pt,176
78,Pt,177
78,Pt,178
78,Pt,179
78,Pt,180
78,Pt,181
78,Pt,182
78,Pt,183
78,Pt,184
78,Pt,185
78,Pt,186
78,Pt,187
78,Pt,188
78,Pt,189
78,Pt,190
78,Pt,191
78,Pt,192
78,Pt,193
78,Pt,194
78,Pt,195
78,Pt,196
78,Pt,197
78,Pt,198
78,Pt,199
78,Pt,200
78,Pt,201
78,Pt,202
78,Pt,203
78,Pt,204
78,Pt,205
78,Pt,206
78,Pt,206
79,Au,169
79,Au,170
79,Au,171
79,Au,172
79,Au,173
79,Au,174
79,Au,175
79,Au,176
79,Au,177
79,Au,178
79,Au,179
79,Au,180
79,Au,181
79,Au,182
79,Au,183
79,Au,184
79,Au,185
79,Au,186
79,Au,187
79,Au,188
79,Au,189
79,Au,190
79,Au,191
79,Au,192
79,Au,193
79,Au,194
79,Au,195
79,Au,196
79,Au,197
79,Au,198
79,Au,199
79,Au,200
79,Au,201
79,Au,202
79,Au,203
79,Au,204
79,Au,205
79,Au,206
79,Au,207
79,Au,208
79,Au,209
79,Au,210
79,Au,210
80,Hg,171
80,Hg,172
80,Hg,173
80,Hg,174
80,Hg,175
80,Hg,176
80,Hg,177
80,Hg,178
80,Hg,179
80,Hg,180
80,Hg,181
80,Hg,182
80,Hg,183
80,Hg,184
80,Hg,185
80,Hg,186
80,Hg,187
80,Hg,188
80,Hg,189
80,Hg,190
80,Hg,191
80,Hg,192
80,Hg,193
80,Hg,194
80,Hg,195
80,Hg,196
80,Hg,197
80,Hg,198
80,Hg,199
80,Hg,200
80,Hg,201
80,Hg,202
80,Hg,203
80,Hg,204
80,Hg,205
80,Hg,206
80,Hg,207
80,Hg,208
80,Hg,209
80,Hg,210
80,Hg,211
80,Hg,212
80,Hg,213
80,Hg,214
80,Hg,215
80,Hg,216
80,Hg,216
81,Tl,176
81,Tl,177
81,Tl,178
81,Tl,179
81,Tl,180
81,Tl,181
81,Tl,182
81,Tl,183
81,Tl,184
81,Tl,185
81,Tl,186
81,Tl,187
81,Tl,188
81,Tl,189
81,Tl,190
81,Tl,191
81,Tl,192
81,Tl,193
81,Tl,194
81,Tl,195
81,Tl,196
81,Tl,197
81,Tl,198
81,Tl,199
81,Tl,200
81,Tl,201
81,Tl,202
81,Tl,203
81,Tl,204
81,Tl,205
81,Tl,206
81,Tl,207
81,Tl,208
81,Tl,209
81,Tl,210
81,Tl,211
81,Tl,212
81,Tl,213
81,Tl,214
81,Tl,215
81,Tl,216
81,Tl,217
81,Tl,218
81,Tl,218
82,Pb,178
82,Pb,179
82,Pb,180
82,Pb,181
82,Pb,182
82,Pb,183
82,Pb,184
82,Pb,185
82,Pb,186
82,Pb,187
82,Pb,188
82,Pb,189
82,Pb,190
82,Pb,191
82,Pb,192
82,Pb,193
82,Pb,194
82,Pb,195
82,Pb,196
82,Pb,197
82,Pb,198
82,Pb,199
82,Pb,200
82,Pb,201
82,Pb,202
82,Pb,203
82,Pb,204
82,Pb,205
82,Pb,206
82,Pb,207
82,Pb,208
82,Pb,209
82,Pb,210
82,Pb,211
82,Pb,212
82,Pb,213
82,Pb,214
82,Pb,215
82,Pb,216
82,Pb,217
82,Pb,218
82,Pb,219
82,Pb,220
82,Pb,220
83,Bi,184
83,Bi,185
83,Bi,186
83,Bi,187
83,Bi,188
83,Bi,189
83,Bi,190
83,Bi,191
83,Bi,192
83,Bi,193
83,Bi,194
83,Bi,195
83,Bi,196
83,Bi,197
83,Bi,198
83,Bi,199
83,Bi,200
83,Bi,201
83,Bi,202
83,Bi,203
83,Bi,204
83,Bi,205
83,Bi,206
83,Bi,207
83,Bi,208
83,Bi,209
83,Bi,210
83,Bi,211
83,Bi,212
83,Bi,213
83,Bi,214
83,Bi,215
83,Bi,216
83,Bi,217
83,Bi,218
83,Bi,219
83,Bi,220
83,Bi,221
83,Bi,222
83,Bi,223
83,Bi,224
83,Bi,224
84,Po,186
84,Po,187
84,Po,188
84,Po,189
84,Po,190
84,Po,191
84,Po,192
84,Po,193
84,Po,194
84,Po,195
84,Po,196
84,Po,197
84,Po,198
84,Po,199
84,Po,200
84,Po,201
84,Po,202
84,Po,203
84,Po,204
84,Po,205
84,Po,206
84,Po,207
84,Po,208
84,Po,209
84,Po,210
84,Po,211
84,Po,212
84,Po,213
84,Po,214
84,Po,215
84,Po,216
84,Po,217
84,Po,218
84,Po,219
84,Po,220
84,Po,221
84,Po,222
84,Po,223
84,Po,224
84,Po,225
84,Po,226
84,Po,227
84,Po,227
85,At,191
85,At,192
85,At,193
85,At,194
85,At,195
85,At,196
85,At,197
85,At,198
85,At,199
85,At,200
85,At,201
85,At,202
85,At,203
85,At,204
85,At,205
85,At,206
85,At,207
85,At,208
85,At,209
85,At,210
85,At,211
85,At,212
85,At,213
85,At,214
85,At,215
85,At,216
85,At,217
85,At,218
85,At,219
85,At,220
85,At,221
85,At,222
85,At,223
85,At,224
85,At,225
85,At,226
85,At,227
85,At,228
85,At,229
85,At,229
86,Rn,193
86,Rn,194
86,Rn,195
86,Rn,196
86,Rn,197
86,Rn,198
86,Rn,199
86,Rn,200
86,Rn,201
86,Rn,202
86,Rn,203
86,Rn,204
86,Rn,205
86,Rn,206
86,Rn,207
86,Rn,208
86,Rn,209
86,Rn,210
86,Rn,211
86,Rn,212
86,Rn,213
86,Rn,214
86,Rn,215
86,Rn,216
86,Rn,217
86,Rn,218
86,Rn,219
86,Rn,220
86,Rn,221
86,Rn,222
86,Rn,223
86,Rn,224
86,Rn,225
86,Rn,226
86,Rn,227
86,Rn,228
86,Rn,229
86,Rn,230
86,Rn,231
86,Rn,231
87,Fr,199
87,Fr,200
87,Fr,201
87,Fr,202
87,Fr,203
87,Fr,204
87,Fr,205
87,Fr,206
87,Fr,207
87,Fr,208
87,Fr,209
87,Fr,210
87,Fr,211
87,Fr,212
87,Fr,213
87,Fr,214
87,Fr,215
87,Fr,216
87,Fr,217
87,Fr,218
87,Fr,219
87,Fr,220
87,Fr,221
87,Fr,222
87,Fr,223
87,Fr,224
87,Fr,225
87,Fr,226
87,Fr,227
87,Fr,228
87,Fr,229
87,Fr,230
87,Fr,231
87,Fr,232
87,Fr,233
87,Fr,233
88,Ra,201
88,Ra,202
88,Ra,203
88,Ra,204
88,Ra,205
88,Ra,206
88,Ra,207
88,Ra,208
88,Ra,209
88,Ra,210
88,Ra,211
88,Ra,212
88,Ra,213
88,Ra,214
88,Ra,215
88,Ra,216
88,Ra,217
88,Ra,218
88,Ra,219
88,Ra,220
88,Ra,221
88,Ra,222
88,Ra,223
88,Ra,224
88,Ra,225
88,Ra,226
88,Ra,227
88,Ra,228
88,Ra,229
88,Ra,230
88,Ra,231
88,Ra,232
88,Ra,233
88,Ra,234
88,Ra,235
88,Ra,235
89,Ac,206
89,Ac,207
89,Ac,208
89,Ac,209
89,Ac,210
89,Ac,211
89,Ac,212
89,Ac,213
89,Ac,214
89,Ac,215
89,Ac,216
89,Ac,217
89,Ac,218
89,Ac,219
89,Ac,220
89,Ac,221
89,Ac,222
89,Ac,223
89,Ac,224
89,Ac,225
89,Ac,226
89,Ac,227
89,Ac,228
89,Ac,229
89,Ac,230
89,Ac,231
89,Ac,232
89,Ac,233
89,Ac,234
89,Ac,235
89,Ac,236
89,Ac,237
89,Ac,237
90,Th,208
90,Th,209
90,Th,210
90,Th,211
90,Th,212
90,Th,213
90,Th,214
90,Th,215
90,Th,216
90,Th,217
90,Th,218
90,Th,219
90,Th,220
90,Th,221
90,Th,222
90,Th,223
90,Th,224
90,Th,225
90,Th,226
90,Th,227
90,Th,228
90,Th,229
90,Th,230
90,Th,231
90,Th,232
90,Th,233
90,Th,234
90,Th,235
90,Th,236
90,Th,237
90,Th,238
90,Th,239
90,Th,239
91,Pa,212
91,Pa,213
91,Pa,214
91,Pa,215
91,Pa,216
91,Pa,217
91,Pa,218
91,Pa,219
91,Pa,220
91,Pa,221
91,Pa,222
91,Pa,223
91,Pa,224
91,Pa,225
91,Pa,226
91,Pa,227
91,Pa,228
91,Pa,229
91,Pa,230
91,Pa,231
91,Pa,232
91,Pa,233
91,Pa,234
91,Pa,235
91,Pa,236
91,Pa,237
91,Pa,238
91,Pa,239
91,Pa,240
91,Pa,241
91,Pa,241
92,U,217
92,U,218
92,U,219
92,U,220
92,U,221
92,U,222
92,U,223
92,U,224
92,U,225
92,U,226
92,U,227
92,U,228
92,U,229
92,U,230
92,U,231
92,U,232
92,U,233
92,U,234
92,U,235
92,U,236
92,U,237
92,U,238
92,U,239
92,U,240
92,U,241
92,U,242
92,U,243
92,U,243
93,Np,219
93,Np,220
93,Np,221
93,Np,222
93,Np,223
93,Np,224
93,Np,225
93,Np,226
93,Np,227
93,Np,228
93,Np,229
93,Np,230
93,Np,231
93,Np,232
93,Np,233
93,Np,234
93,Np,235
93,Np,236
93,Np,237
93,Np,238
93,Np,239
93,Np,240
93,Np,241
93,Np,242
93,Np,243
93,Np,244
93,Np,245
93,Np,245
94,Pu,228
94,Pu,229
94,Pu,230
94,Pu,231
94,Pu,232
94,Pu,233
94,Pu,234
94,Pu,235
94,Pu,236
94,Pu,237
94,Pu,238
94,Pu,239
94,Pu,240
94,Pu,241
94,Pu,242
94,Pu,243
94,Pu,244
94,Pu,245
94,Pu,246
94,Pu,247
94,Pu,247
95,Am,230
95,Am,231
95,Am,232
95,Am,233
95,Am,234
95,Am,235
95,Am,236
95,Am,237
95,Am,238
95,Am,239
95,Am,240
95,Am,241
95,Am,242
95,Am,243
95,Am,244
95,Am,245
95,Am,246
95,Am,247
95,Am,248
95,Am,249
95,Am,249
96,Cm,232
96,Cm,233
96,Cm,234
96,Cm,235
96,Cm,236
96,Cm,237
96,Cm,238
96,Cm,239
96,Cm,240
96,Cm,241
96,Cm,242
96,Cm,243
96,Cm,244
96,Cm,245
96,Cm,246
96,Cm,247
96,Cm,248
96,Cm,249
96,Cm,250
96,Cm,251
96,Cm,252
96,Cm,252
97,Bk,234
97,Bk,235
97,Bk,236
97,Bk,237
97,Bk,238
97,Bk,239
97,Bk,240
97,Bk,241
97,Bk,242
97,Bk,243
97,Bk,244
97,Bk,245
97,Bk,246
97,Bk,247
97,Bk,248
97,Bk,249
97,Bk,250
97,Bk,251
97,Bk,252
97,Bk,253
97,Bk,254
97,Bk,254
98,Cf,237
98,Cf,238
98,Cf,239
98,Cf,240
98,Cf,241
98,Cf,242
98,Cf,243
98,Cf,244
98,Cf,245
98,Cf,246
98,Cf,247
98,Cf,248
98,Cf,249
98,Cf,250
98,Cf,251
98,Cf,252
98,Cf,253
98,Cf,254
98,Cf,255
98,Cf,256
98,Cf,256
99,Es,239
99,Es,240
99,Es,241
99,Es,242
99,Es,243
99,Es,244
99,Es,245
99,Es,246
99,Es,247
99,Es,248
99,Es,249
99,Es,250
99,Es,251
99,Es,252
99,Es,253
99,Es,254
99,Es,255
99,Es,256
99,Es,257
99,Es,258
99,Es,258
100,Fm,241
100,Fm,242
100,Fm,243
100,Fm,244
100,Fm,245
100,Fm,246
100,Fm,247
100,Fm,248
100,Fm,249
100,Fm,250
100,Fm,251
100,Fm,252
100,Fm,253
100,Fm,254
100,Fm,255
100,Fm,256
100,Fm,257
100,Fm,258
100,Fm,259
100,Fm,260
100,Fm,260
101,Md,245
101,Md,246
101,Md,247
101,Md,248
101,Md,249
101,Md,250
101,Md,251
101,Md,252
101,Md,253
101,Md,254
101,Md,255
101,Md,256
101,Md,257
101,Md,258
101,Md,259
101,Md,260
101,Md,261
101,Md,262
101,Md,262
102,No,248
102,No,249
102,No,250
102,No,251
102,No,252
102,No,253
102,No,254
102,No,255
102,No,256
102,No,257
102,No,258
102,No,259
102,No,260
102,No,261
102,No,262
102,No,263
102,No,264
102,No,264
103,Lr,251
103,Lr,252
103,Lr,253
103,Lr,254
103,Lr,255
103,Lr,256
103,Lr,257
103,Lr,258
103,Lr,259
103,Lr,260
103,Lr,261
103,Lr,262
103,Lr,263
103,Lr,264
103,Lr,265
103,Lr,266
103,Lr,266
104,Rf,253
104,Rf,254
104,Rf,255
104,Rf,256
104,Rf,257
104,Rf,258
104,Rf,259
104,Rf,260
104,Rf,261
104,Rf,262
104,Rf,263
104,Rf,264
104,Rf,265
104,Rf,266
104,Rf,267
104,Rf,268
104,Rf,268
105,Db,255
105,Db,256
105,Db,257
105,Db,258
105,Db,259
105,Db,260
105,Db,261
105,Db,262
105,Db,263
105,Db,264
105,Db,265
105,Db,266
105,Db,267
105,Db,268
105,Db,269
105,Db,270
105,Db,270
106,Sg,258
106,Sg,259
106,Sg,260
106,Sg,261
106,Sg,262
106,Sg,263
106,Sg,264
106,Sg,265
106,Sg,266
106,Sg,267
106,Sg,268
106,Sg,269
106,Sg,270
106,Sg,271
106,Sg,272
106,Sg,273
106,Sg,273
107,Bh,260
107,Bh,261
107,Bh,262
107,Bh,263
107,Bh,264
107,Bh,265
107,Bh,266
107,Bh,267
107,Bh,268
107,Bh,269
107,Bh,270
107,Bh,271
107,Bh,272
107,Bh,273
107,Bh,274
107,Bh,275
107,Bh,275
108,Hs,263
108,Hs,264
108,Hs,265
108,Hs,266
108,Hs,267
108,Hs,268
108,Hs,269
108,Hs,270
108,Hs,271
108,Hs,272
108,Hs,273
108,Hs,274
108,Hs,275
108,Hs,276
108,Hs,277
108,Hs,277
109,Mt,265
109,Mt,266
109,Mt,267
109,Mt,268
109,Mt,269
109,Mt,270
109,Mt,271
109,Mt,272
109,Mt,273
109,Mt,274
109,Mt,275
109,Mt,276
109,Mt,277
109,Mt,278
109,Mt,279
109,Mt,279
110,Ds,267
110,Ds,268
110,Ds,269
110,Ds,270
110,Ds,271
110,Ds,272
110,Ds,273
110,Ds,274
110,Ds,275
110,Ds,276
110,Ds,277
110,Ds,278
110,Ds,279
110,Ds,280
110,Ds,281
110,Ds,281
111,Rg,272
111,Rg,273
111,Rg,274
111,Rg,275
111,Rg,276
111,Rg,277
111,Rg,278
111,Rg,279
111,Rg,280
111,Rg,281
111,Rg,282
111,Rg,283
111,Rg,283
112,Cn,276
112,Cn,277
112,Cn,278
112,Cn,279
112,Cn,280
112,Cn,281
112,Cn,282
112,Cn,283
112,Cn,284
112,Cn,285
112,Cn,285
113,Uut,278
113,Uut,279
113,Uut,280
113,Uut,281
113,Uut,282
113,Uut,283
113,Uut,284
113,Uut,285
113,Uut,286
113,Uut,287
113,Uut,287
114,Fl,285
114,Fl,286
114,Fl,287
114,Fl,288
114,Fl,289
114,Fl,289
115,Uup,287
115,Uup,288
115,Uup,289
115,Uup,290
115,Uup,291
115,Uup,291
116,Lv,289
116,Lv,290
116,Lv,291
116,Lv,292
116,Lv,293
116,Lv,293
117,Uus,291
117,Uus,292
117,Uus,293
117,Uus,294
117,Uus,294
118,Uuo,293
118,Uuo,294
118,Uuo,295
118,Uuo,295
